source_state,S. No.,District Code,District Version,District Name,District Name_1,Census 2001 Code,Census 2011 Code
Andaman and Nicobar Islands,,,,(In English),(In Local),,
Andaman and Nicobar Islands,1.0,603,1,Nicobars,NICOBARS,02,638
Andaman and Nicobar Islands,2.0,632,1,North And Middle Andaman,NORTH AND MIDDLE ANDAMAN,,639
Andaman and Nicobar Islands,3.0,602,1,South Andamans,SOUTH ANDAMANS,01,640
Andaman and Nicobar Islands,,,,,,,
Andaman and Nicobar Islands,"Sep 5, 2026, 6:24 PM",,,,,,
Andhra Pradesh,,,,(In English),(In Local),,
Andhra Pradesh,1.0,745,2,Alluri Sitharama Raju,Alluri Sitharama Raju,,000
Andhra Pradesh,2.0,744,1,Anakapalli,Anakapalli,,000
Andhra Pradesh,3.0,502,3,Ananthapuramu,అనంతపురము,22,553
Andhra Pradesh,4.0,753,4,Annamayya,Annamayya,,000
Andhra Pradesh,5.0,750,2,Bapatla,Bapatla,,000
Andhra Pradesh,6.0,503,4,Chittoor,CHITTOOR,23,554
Andhra Pradesh,7.0,747,3,Dr. B.R. Ambedkar Konaseema,డా బి ఆర్  అంబేడ్కర్ కోనసీమ,,000
Andhra Pradesh,8.0,505,6,East Godavari,EAST GODAVARI,14,545
Andhra Pradesh,9.0,748,4,Eluru,Eluru,,000
Andhra Pradesh,10.0,506,3,Guntur,GUNTUR,17,548
Andhra Pradesh,11.0,746,1,Kakinada,Kakinada,,000
Andhra Pradesh,12.0,510,4,Krishna,KRISHNA,16,547
Andhra Pradesh,13.0,511,2,Kurnool,KURNOOL,21,552
Andhra Pradesh,14.0,790,1,Markapuram,Markapuram,,
Andhra Pradesh,15.0,755,1,Nandyal,Nandyal,,000
Andhra Pradesh,16.0,749,1,Ntr,NTR,,000
Andhra Pradesh,17.0,751,1,Palnadu,Palnadu,,000
Andhra Pradesh,18.0,743,1,Parvathipuram Manyam,Parvathipuram Manyam,,000
Andhra Pradesh,19.0,791,1,Polavaram,Polavaram,,
Andhra Pradesh,20.0,517,6,Prakasam,PRAKASAM,18,549
Andhra Pradesh,21.0,519,3,Srikakulam,SRIKAKULAM,11,542
Andhra Pradesh,22.0,515,6,Sri Potti Sriramulu Nellore,శ్రీ పొట్టి శ్రీరాములు నెల్లూరు,19,550
Andhra Pradesh,23.0,754,1,Sri Sathya Sai,Sri Sathya Sai,,000
Andhra Pradesh,24.0,752,3,Tirupati,Tirupati,,000
Andhra Pradesh,25.0,520,4,Visakhapatnam,విశాఖపట్నం,13,544
Andhra Pradesh,26.0,521,3,Vizianagaram,VIZIANAGARAM,12,543
Andhra Pradesh,27.0,523,5,West Godavari,పశ్చిమగోదావరి,15,546
Andhra Pradesh,28.0,504,4,Y.S.R. Kadapa,వై.ఎస్.ఆర్. కడప,20,551
Andhra Pradesh,,,,,,,
Andhra Pradesh,"Sep 5, 2026, 6:13 PM",,,,,,
Arunachal Pradesh,,,,(In English),(In Local),,
Arunachal Pradesh,1.0,628,1,Anjaw,,,260
Arunachal Pradesh,2.0,787,5,Bichom,Bichom,,
Arunachal Pradesh,3.0,229,1,Changlang,CHANGLANG,12,253
Arunachal Pradesh,4.0,230,1,Dibang Valley,DIBANG VALLEY,10,257
Arunachal Pradesh,5.0,231,8,East Kameng,EAST KAMENG,03,247
Arunachal Pradesh,6.0,232,6,East Siang,EAST SIANG,08,251
Arunachal Pradesh,7.0,718,3,Kamle,KAMLE,,000
Arunachal Pradesh,8.0,786,1,Keyi Panyor,Keyi Panyor,,
Arunachal Pradesh,9.0,677,2,Kra Daadi,KRA DAADI,,000
Arunachal Pradesh,10.0,233,2,Kurung Kumey,KURUNG KUMEY,14,256
Arunachal Pradesh,11.0,724,1,Leparada,LEPARADA,,000
Arunachal Pradesh,12.0,234,2,Lohit,LOHIT,11,259
Arunachal Pradesh,13.0,666,1,Longding,LONGDING,,000
Arunachal Pradesh,14.0,235,1,Lower Dibang Valley,LOWER DIBANG VALLEY,15,258
Arunachal Pradesh,15.0,719,5,Lower Siang,LOWER SIANG,,000
Arunachal Pradesh,16.0,236,3,Lower Subansiri,LOWER SUBANSIRI,05,255
Arunachal Pradesh,17.0,678,1,Namsai,,,000
Arunachal Pradesh,18.0,723,4,Pakke Kessang,PAKKE KESSANG,,000
Arunachal Pradesh,19.0,237,3,Papum Pare,PAPUM PARE,04,248
Arunachal Pradesh,20.0,725,1,Shi Yomi,SHI YOMI,,000
Arunachal Pradesh,21.0,679,1,Siang,,,000
Arunachal Pradesh,22.0,238,1,Tawang,TAWANG,01,245
Arunachal Pradesh,23.0,239,2,Tirap,TIRAP,13,254
Arunachal Pradesh,24.0,240,1,Upper Siang,UPPER SIANG,09,252
Arunachal Pradesh,25.0,241,4,Upper Subansiri,UPPER SUBANSIRI,06,249
Arunachal Pradesh,26.0,242,2,West Kameng,WEST KAMENG,02,246
Arunachal Pradesh,27.0,243,4,West Siang,WEST SIANG,07,250
Arunachal Pradesh,,,,,,,
Arunachal Pradesh,"Sep 5, 2026, 6:25 PM",,,,,,
Assam,,,,(In English),(In Local),,
Assam,1.0,739,20,Bajali,,,000
Assam,2.0,616,9,Baksa,,,324
Assam,3.0,280,24,Barpeta,BARPETA,05,303
Assam,4.0,705,9,Biswanath,,,000
Assam,5.0,281,3,Bongaigaon,BONGAIGAON,04,319
Assam,6.0,282,3,Cachar,CACHAR,21,316
Assam,7.0,708,4,Charaideo,,,000
Assam,8.0,612,3,Chirang,,,320
Assam,9.0,283,5,Darrang,DARRANG,08,325
Assam,10.0,284,1,Dhemaji,DHEMAJI,13,308
Assam,11.0,285,10,Dhubri,DHUBURI,02,301
Assam,12.0,286,1,Dibrugarh,DIBRUGARH,15,310
Assam,13.0,299,2,Dima Hasao,DIMA HASAO,20,315
Assam,14.0,287,1,Goalpara,GOALPARA,03,302
Assam,15.0,288,4,Golaghat,GOLAGHAT,18,313
Assam,16.0,289,2,Hailakandi,HAILAKANDI,23,318
Assam,17.0,709,7,Hojai,,,000
Assam,18.0,290,4,Jorhat,JORHAT,17,312
Assam,19.0,291,3,Kamrup,KAMRUP,06,321
Assam,20.0,618,3,Kamrup Metro,KAMRUP MOHANAGAR,,322
Assam,21.0,292,2,Karbi Anglong,KARBI ANGLONG,19,314
Assam,22.0,294,1,Kokrajhar,KOKRAJHAR,01,300
Assam,23.0,295,2,Lakhimpur,LAKHIMPUR,12,307
Assam,24.0,706,3,Majuli,,,000
Assam,25.0,296,3,Marigaon,MARIGAON,09,304
Assam,26.0,297,9,Nagaon,NAGAON,10,305
Assam,27.0,298,2,Nalbari,NALBARI,07,323
Assam,28.0,300,5,Sivasagar,SIVASAGAR,16,311
Assam,29.0,301,10,Sonitpur,SONITPUR,11,306
Assam,30.0,707,9,South Salmara Mancachar,,,000
Assam,31.0,293,3,Sribhumi,শ্ৰীভূমি,22,317
Assam,32.0,756,4,Tamulpur,,,000
Assam,33.0,302,1,Tinsukia,TINSUKIA,14,309
Assam,34.0,617,4,Udalguri,,,326
Assam,35.0,710,1,West Karbi Anglong,,,000
Assam,,,,,,,
Assam,"Sep 5, 2026, 6:25 PM",,,,,,
Bihar,,,,(In English),(In Local),,
Bihar,1.0,188,1,Araria,अररिया,07,209
Bihar,2.0,611,2,Arwal,अरवल,33,240
Bihar,3.0,189,2,Aurangabad,औरंगाबाद,34,235
Bihar,4.0,190,1,Banka,बांका,23,225
Bihar,5.0,191,1,Begusarai,बेगूसराय,20,222
Bihar,6.0,192,3,Bhagalpur,भागलपुर,22,224
Bihar,7.0,193,2,Bhojpur,भोजपुर,29,231
Bihar,8.0,194,1,Buxar,बक्सर,30,232
Bihar,9.0,195,4,Darbhanga,दरभंगा,13,215
Bihar,10.0,196,1,Gaya,गया,35,236
Bihar,11.0,197,1,Gopalganj,गोपालगंज,15,217
Bihar,12.0,198,1,Jamui,जमुई,37,238
Bihar,13.0,199,1,Jehanabad,जहानाबाद,33,239
Bihar,14.0,200,1,Kaimur (Bhabua),कैमूर ( भभुआ ),31,233
Bihar,15.0,201,2,Katihar,कटिहार,10,212
Bihar,16.0,202,1,Khagaria,खगड़िया,21,223
Bihar,17.0,203,1,Kishanganj,किशनगंज,08,210
Bihar,18.0,204,1,Lakhisarai,लखीसराय,25,227
Bihar,19.0,205,1,Madhepura,मधेपुरा,11,213
Bihar,20.0,206,1,Madhubani,मधुबनी,05,207
Bihar,21.0,207,1,Munger,मुंगेर,24,226
Bihar,22.0,208,1,Muzaffarpur,मुजफ्फरपुर,14,216
Bihar,23.0,209,1,Nalanda,नालंदा,27,229
Bihar,24.0,210,1,Nawada,नवादा,36,237
Bihar,25.0,211,1,Pashchim Champaran,पश्चिम चम्पारण,01,203
Bihar,26.0,212,1,Patna,पटना,28,230
Bihar,27.0,213,1,Purbi Champaran,पूर्वी चंपारण,02,204
Bihar,28.0,214,1,Purnia,पूर्णिया,09,211
Bihar,29.0,215,1,Rohtas,रोहतास,32,234
Bihar,30.0,216,1,Saharsa,सहरसा,12,214
Bihar,31.0,217,1,Samastipur,समस्तीपुर,19,221
Bihar,32.0,218,1,Saran,सारण,17,219
Bihar,33.0,219,1,Sheikhpura,शेखपुरा,26,228
Bihar,34.0,220,1,Sheohar,शिवहर,03,205
Bihar,35.0,221,1,Sitamarhi,सीतामढी,04,206
Bihar,36.0,222,1,Siwan,सिवान,16,218
Bihar,37.0,223,1,Supaul,सुपौल,06,208
Bihar,38.0,224,2,Vaishali,वैशाली,18,220
Bihar,,,,,,,
Bihar,"Sep 5, 2026, 6:26 PM",,,,,,
Chandigarh,,,,(In English),(In Local),,
Chandigarh,1.0,44,1,Chandigarh,CHANDIGARH,01,055
Chandigarh,,,,,,,
Chandigarh,"Sep 5, 2026, 6:27 PM",,,,,,
Chhattisgarh,,,,(In English),(In Local),,
Chhattisgarh,1.0,646,1,Balod,बालोद,,000
Chhattisgarh,2.0,644,3,Balodabazar-Bhatapara,बलौदाबाजार-भाटापारा,,000
Chhattisgarh,3.0,649,3,Balrampur-Ramanujganj,बलरामपुर-रामानुजगंज,,000
Chhattisgarh,4.0,374,1,Bastar,बस्तर,15,414
Chhattisgarh,5.0,650,1,Bemetara,बेमेतरा,,000
Chhattisgarh,6.0,636,1,Bijapur,बीजापुर,16,417
Chhattisgarh,7.0,375,2,Bilaspur,बिलासपुर,07,406
Chhattisgarh,8.0,376,2,Dakshin Bastar Dantewada,दक्षिण बस्तर दंतेवाड़ा,16,416
Chhattisgarh,9.0,377,1,Dhamtari,धमतरी,13,412
Chhattisgarh,10.0,378,1,Durg,दुर्ग,10,409
Chhattisgarh,11.0,645,1,Gariyaband,गरियाबंद,,000
Chhattisgarh,12.0,734,3,Gaurela-Pendra-Marwahi,गौरेला-पेंड्रा-मरवाही,,000
Chhattisgarh,13.0,379,7,Janjgir-Champa,जांजगीर - चाम्पा,06,405
Chhattisgarh,14.0,380,1,Jashpur,जशपुर,03,402
Chhattisgarh,15.0,382,2,Kabeerdham,कबीरधाम,08,407
Chhattisgarh,16.0,759,3,Khairagarh-Chhuikhadan-Gandai,खैरागढ़-छुईखदान-गंडई,,000
Chhattisgarh,17.0,643,1,Kondagaon,कोंडागांव,,000
Chhattisgarh,18.0,383,1,Korba,कोरबा,05,404
Chhattisgarh,19.0,384,4,Korea,कोरिया,01,400
Chhattisgarh,20.0,385,1,Mahasamund,महासमुंद,12,411
Chhattisgarh,21.0,760,5,Manendragarh-Chirmiri-Bharatpur(M C B),मनेन्द्रगढ़-चिरमिरी-भरतपुर(ऍम.सी.बी.),,000
Chhattisgarh,22.0,761,2,Mohla-Manpur-Ambagarh Chouki,मोहला-मानपुर-अम्बागढ़ चौकी,,000
Chhattisgarh,23.0,647,1,Mungeli,मुंगेली,,000
Chhattisgarh,24.0,637,1,Narayanpur,नारायणपुर,,415
Chhattisgarh,25.0,386,2,Raigarh,रायगढ़,04,403
Chhattisgarh,26.0,387,1,Raipur,रायपुर,11,410
Chhattisgarh,27.0,388,3,Rajnandgaon,राजनंदगांव,09,408
Chhattisgarh,28.0,762,6,Sakti,सक्ती,,000
Chhattisgarh,29.0,763,2,Sarangarh-Bilaigarh,सारंगढ़-बिलाईगढ़,,000
Chhattisgarh,30.0,642,1,Sukma,सुकमा,,000
Chhattisgarh,31.0,648,3,Surajpur,सूरजपुर,,000
Chhattisgarh,32.0,389,3,Surguja,सरगुजा,02,401
Chhattisgarh,33.0,381,2,Uttar Bastar Kanker,उत्तर बस्तर कांकेर,14,413
Chhattisgarh,,,,,,,
Chhattisgarh,"Sep 5, 2026, 6:28 PM",,,,,,
Delhi,,,,(In English),(In Local),,
Delhi,1.0,77,8,Central,CENTRAL,06,095
Delhi,2.0,796,3,Central North,Central North,,
Delhi,3.0,78,2,East,EAST,04,093
Delhi,4.0,79,6,New Delhi,NEW DELHI,05,094
Delhi,5.0,80,8,North,NORTH,02,091
Delhi,6.0,81,6,North East,NORTH EAST,03,092
Delhi,7.0,82,7,North West,NORTH WEST,01,090
Delhi,8.0,795,1,Old Delhi,Old Delhi,,
Delhi,9.0,794,4,Outer North,Outer North,,
Delhi,10.0,83,5,South,SOUTH,09,098
Delhi,11.0,670,1,South East,SOUTH EAST,,000
Delhi,12.0,84,4,South West,SOUTH WEST,08,097
Delhi,13.0,85,6,West,WEST,07,096
Delhi,,,,,,,
Delhi,"Sep 5, 2026, 6:29 PM",,,,,,
Goa,,,,(In English),(In Local),,
Goa,1.0,793,1,Kushavati,Kushavati,,
Goa,2.0,551,1,North Goa,NORTH GOA,01,585
Goa,3.0,552,2,South Goa,SOUTH GOA,02,586
Goa,,,,,,,
Goa,"Sep 5, 2026, 6:33 PM",,,,,,
Gujrat,,,,(In English),(In Local),,
Gujrat,1.0,438,2,Ahmedabad,AHMEDABAD,07,474
Gujrat,2.0,439,3,Amreli,AMRELI,13,480
Gujrat,3.0,440,1,Anand,ANAND,15,482
Gujrat,4.0,672,1,Arvalli,,,000
Gujrat,5.0,441,4,Banas Kantha,BANAS KANTHA,02,469
Gujrat,6.0,442,1,Bharuch,BHARUCH,21,488
Gujrat,7.0,443,4,Bhavnagar,BHAVNAGAR,14,481
Gujrat,8.0,676,1,Botad,BOTAD,,000
Gujrat,9.0,668,1,Chhotaudepur,CHHOTAUDEPUR,,000
Gujrat,10.0,445,1,Dahod,DAHOD,18,485
Gujrat,11.0,444,1,Dangs,DANGS,23,489
Gujrat,12.0,674,1,Devbhumi Dwarka,DEVBHUMI DWARKA,,000
Gujrat,13.0,446,1,Gandhinagar,GANDHINAGAR,06,473
Gujrat,14.0,675,1,Gir Somnath,GIR SOMNATH,,000
Gujrat,15.0,447,2,Jamnagar,JAMNAGAR,10,477
Gujrat,16.0,448,2,Junagadh,JUNAGADH,12,479
Gujrat,17.0,449,1,Kachchh,KACHCHH,01,468
Gujrat,18.0,450,2,Kheda,KHEDA,16,483
Gujrat,19.0,451,1,Mahesana,MAHESANA,04,471
Gujrat,20.0,669,5,Mahisagar,મહિસાગર,,000
Gujrat,21.0,673,1,Morbi,MORBI,,000
Gujrat,22.0,452,1,Narmada,NARMADA,20,487
Gujrat,23.0,453,1,Navsari,NAVSARI,24,490
Gujrat,24.0,454,6,Panch Mahals,PANCH MAHALS,17,484
Gujrat,25.0,455,1,Patan,PATAN,03,470
Gujrat,26.0,456,1,Porbandar,PORBANDAR,11,478
Gujrat,27.0,457,2,Rajkot,RAJKOT,09,476
Gujrat,28.0,458,2,Sabar Kantha,SABAR KANTHA,05,472
Gujrat,29.0,459,1,Surat,SURAT,22,492
Gujrat,30.0,460,2,Surendranagar,SURENDRANAGAR,08,475
Gujrat,31.0,641,1,Tapi,,,493
Gujrat,32.0,461,2,Vadodara,VADODARA,19,486
Gujrat,33.0,462,1,Valsad,VALSAD,25,491
Gujrat,34.0,789,3,Vav-Tharad,વાવ થરાદ,,
Gujrat,,,,,,,
Gujrat,"Sep 5, 2026, 6:35 PM",,,,,,
Haryana,,,,(In English),(In Local),,
Haryana,1.0,58,1,Ambala,AMBALA,02,070
Haryana,2.0,59,2,Bhiwani,BHIWANI,13,081
Haryana,3.0,701,2,Charkhi Dadri,CHARKHI DADRI,,000
Haryana,4.0,60,1,Faridabad,FARIDABAD,19,088
Haryana,5.0,61,1,Fatehabad,FATEHABAD,10,078
Haryana,6.0,62,2,Gurugram,GURUGRAM,18,086
Haryana,7.0,792,1,Hansi,हांसी,,
Haryana,8.0,63,2,Hisar,HISAR,12,080
Haryana,9.0,64,1,Jhajjar,JHAJJAR,15,083
Haryana,10.0,65,2,Jind,JIND,09,077
Haryana,11.0,66,2,Kaithal,KAITHAL,05,073
Haryana,12.0,67,1,Karnal,KARNAL,06,074
Haryana,13.0,68,1,Kurukshetra,KURUKSHETRA,04,072
Haryana,14.0,69,1,Mahendragarh,MAHENDRAGARH,16,084
Haryana,15.0,604,2,Nuh,नूँह,,087
Haryana,16.0,619,1,Palwal,,,089
Haryana,17.0,70,1,Panchkula,PANCHKULA,01,069
Haryana,18.0,71,1,Panipat,PANIPAT,07,075
Haryana,19.0,72,1,Rewari,REWARI,17,085
Haryana,20.0,73,1,Rohtak,ROHTAK,14,082
Haryana,21.0,74,1,Sirsa,SIRSA,11,079
Haryana,22.0,75,1,Sonipat,SONIPAT,08,076
Haryana,23.0,76,1,Yamunanagar,YAMUNANAGAR,03,071
Haryana,,,,,,,
Haryana,"Sep 5, 2026, 6:35 PM",,,,,,
Himachal Pradesh,,,,(In English),(In Local),,
Himachal Pradesh,1.0,15,3,Bilaspur,BILASPUR,08,030
Himachal Pradesh,2.0,16,1,Chamba,CHAMBA,01,023
Himachal Pradesh,3.0,17,1,Hamirpur,HAMIRPUR,06,028
Himachal Pradesh,4.0,18,1,Kangra,KANGRA,02,024
Himachal Pradesh,5.0,19,1,Kinnaur,KINNAUR,12,034
Himachal Pradesh,6.0,20,1,Kullu,KULLU,04,026
Himachal Pradesh,7.0,21,2,Lahaul And Spiti,Lahaul and Spiti,03,025
Himachal Pradesh,8.0,22,2,Mandi,MANDI,05,027
Himachal Pradesh,9.0,23,2,Shimla,SHIMLA,11,033
Himachal Pradesh,10.0,24,1,Sirmaur,SIRMAUR,10,032
Himachal Pradesh,11.0,25,1,Solan,SOLAN,09,031
Himachal Pradesh,12.0,26,3,Una,UNA,07,029
Himachal Pradesh,,,,,,,
Himachal Pradesh,"Sep 5, 2026, 6:36 PM",,,,,,
Jammu and Kashmir,,,,(In English),(In Local),,
Jammu and Kashmir,1.0,1,1,Anantnag,ANANTNAG,06,014
Jammu and Kashmir,2.0,623,1,Bandipora,BANDIPORA,,009
Jammu and Kashmir,3.0,3,1,Baramulla,BARAMULLA,02,008
Jammu and Kashmir,4.0,2,2,Budgam,,04,002
Jammu and Kashmir,5.0,4,3,Doda,DODA,09,016
Jammu and Kashmir,6.0,626,1,Ganderbal,GANDERBAL,,011
Jammu and Kashmir,7.0,5,1,Jammu,JAMMU,13,021
Jammu and Kashmir,8.0,7,1,Kathua,KATHUA,14,007
Jammu and Kashmir,9.0,620,1,Kishtwar,,09,018
Jammu and Kashmir,10.0,622,1,Kulgam,KULGAM,,015
Jammu and Kashmir,11.0,8,1,Kupwara,KUPWARA,01,001
Jammu and Kashmir,12.0,10,1,Poonch,POONCH,11,005
Jammu and Kashmir,13.0,11,1,Pulwama,PULWAMA,05,012
Jammu and Kashmir,14.0,12,2,Rajouri,RAJOURI,12,006
Jammu and Kashmir,15.0,621,3,Ramban,RAMBAN,09,017
Jammu and Kashmir,16.0,627,1,Reasi,REASI,,020
Jammu and Kashmir,17.0,624,2,Samba,SAMBA,,022
Jammu and Kashmir,18.0,625,1,Shopian,SHOPIAN,,013
Jammu and Kashmir,19.0,13,1,Srinagar,SRINAGAR,03,010
Jammu and Kashmir,20.0,14,2,Udhampur,UDHAMPUR,10,019
Jammu and Kashmir,,,,,,,
Jammu and Kashmir,"Sep 5, 2026, 6:37 PM",,,,,,
Jharkhand,,,,(In English),(In Local),,
Jharkhand,1.0,322,1,Bokaro,बोकारो,13,355
Jharkhand,2.0,323,1,Chatra,चतरा,03,347
Jharkhand,3.0,324,1,Deoghar,देवघर,07,350
Jharkhand,4.0,325,1,Dhanbad,धनबाद,12,354
Jharkhand,5.0,326,1,Dumka,दुमका,11,362
Jharkhand,6.0,327,1,East Singhbum,पूर्वी सिंघभूम,18,357
Jharkhand,7.0,328,1,Garhwa,गढ़वा,01,346
Jharkhand,8.0,329,1,Giridih,गिरिडीह,06,349
Jharkhand,9.0,330,1,Godda,गोड्डा,08,351
Jharkhand,10.0,331,1,Gumla,गुमला,16,366
Jharkhand,11.0,332,1,Hazaribagh,हज़ारीबाग,04,360
Jharkhand,12.0,333,1,Jamtara,जामताड़ा,20,363
Jharkhand,13.0,606,1,Khunti,खूंटी,14,365
Jharkhand,14.0,334,1,Koderma,कोडरमा,05,348
Jharkhand,15.0,335,1,Latehar,लातेहार,02,359
Jharkhand,16.0,336,1,Lohardaga,लोहरदगा,15,356
Jharkhand,17.0,337,1,Pakur,पाकुर,10,353
Jharkhand,18.0,338,1,Palamu,पलामू,02,358
Jharkhand,19.0,607,1,Ramgarh,रामगढ़,04,361
Jharkhand,20.0,339,1,Ranchi,रांची,14,364
Jharkhand,21.0,340,1,Sahebganj,साहेबगंज,09,352
Jharkhand,22.0,341,1,Saraikela Kharsawan,सरायकेला खरसावां,17,369
Jharkhand,23.0,342,1,Simdega,सिमडेगा,21,367
Jharkhand,24.0,343,1,West Singhbhum,पश्चिमी सिंघभूम,17,368
Jharkhand,,,,,,,
Jharkhand,"Sep 5, 2026, 6:38 PM",,,,,,
Karnataka,,,,(In English),(In Local),,
Karnataka,1.0,524,2,Bagalkote,ಬಾಗಲಕೋಟೆ,02,556
Karnataka,2.0,528,4,Ballari,ಬಳ್ಳಾರಿ,12,565
Karnataka,3.0,527,2,Belagavi,ಬೆಳಗಾವಿ,01,555
Karnataka,4.0,526,4,Bengaluru Rural,ಬೆಂಗಳೂರು ಗ್ರಾಮಾಂತರ,21,583
Karnataka,5.0,631,4,Bengaluru South,ಬೆಂಗಳೂರು ದಕ್ಷಿಣ,21,584
Karnataka,6.0,525,1,Bengaluru Urban,ಬೆಂಗಳೂರು,20,572
Karnataka,7.0,529,1,Bidar,ಬೀದರ್‌,05,558
Karnataka,8.0,531,3,Chamarajanagar,ಚಾಮರಾಜನಗರ,27,578
Karnataka,9.0,630,2,Chikkaballapura,ಚಿಕ್ಕಬಳ್ಳಾಪುರ,19,582
Karnataka,10.0,532,2,Chikkamagaluru,ಚಿಕ್ಕಮಗಳೂರು,17,570
Karnataka,11.0,533,1,Chitradurga,ಚಿತ್ರದುರ್ಗ,13,566
Karnataka,12.0,534,2,Dakshina Kannada,ದಕ್ಷಿಣ ಕನ್ನಡ,24,575
Karnataka,13.0,535,2,Davanagere,ದಾವಣಗೆರೆ,14,567
Karnataka,14.0,536,1,Dharwad,ಧಾರವಾಡ,09,562
Karnataka,15.0,537,1,Gadag,ಗದಗ,08,561
Karnataka,16.0,539,1,Hassan,ಹಾಸನ,23,574
Karnataka,17.0,540,1,Haveri,ಹಾವೇರಿ,11,564
Karnataka,18.0,538,2,Kalaburagi,ಕಲಬುರಗಿ,04,579
Karnataka,19.0,541,1,Kodagu,ಕೊಡಗು,25,576
Karnataka,20.0,542,1,Kolar,ಕೋಲಾರ,19,581
Karnataka,21.0,543,1,Koppal,ಕೊಪ್ಪಳ,07,560
Karnataka,22.0,544,1,Mandya,ಮಂಡ್ಯ,22,573
Karnataka,23.0,545,2,Mysuru,ಮೈಸೂರು,26,577
Karnataka,24.0,546,1,Raichur,ರಾಯಚೂರು,06,559
Karnataka,25.0,547,2,Shivamogga,ಶಿವಮೊಗ್ಗ,15,568
Karnataka,26.0,548,2,Tumakuru,ತುಮಕೂರು,18,571
Karnataka,27.0,549,1,Udupi,ಉಡುಪಿ,16,569
Karnataka,28.0,550,2,Uttara Kannada,ಉತ್ತರ ಕನ್ನಡ,10,563
Karnataka,29.0,738,3,Vijayanagara,vijayangara,,000
Karnataka,30.0,530,2,Vijayapura,ವಿಜಯಾಪುರ,03,557
Karnataka,31.0,635,1,Yadgir,ಯಾದಗಿರಿ,04,580
Karnataka,,,,,,,
Karnataka,"Sep 5, 2026, 6:38 PM",,,,,,
Kerala,,,,(In English),(In Local),,
Kerala,1.0,554,1,Alappuzha,ആലപ്പുഴ,11,598
Kerala,2.0,555,1,Ernakulam,എറണാകുളം,08,595
Kerala,3.0,556,1,Idukki,ഇടുക്കി,09,596
Kerala,4.0,557,1,Kannur,കണ്ണൂര്‍,02,589
Kerala,5.0,558,1,Kasaragod,കാസര്‍കോഡ്,01,588
Kerala,6.0,559,1,Kollam,കൊല്ലം,13,600
Kerala,7.0,560,1,Kottayam,കോട്ടയം,10,597
Kerala,8.0,561,1,Kozhikode,കോഴിക്കോട്,04,591
Kerala,9.0,562,1,Malappuram,മലപ്പുറം,05,592
Kerala,10.0,563,1,Palakkad,പാലക്കാട്,06,593
Kerala,11.0,564,1,Pathanamthitta,പത്തനംതിട്ട,12,599
Kerala,12.0,565,1,Thiruvananthapuram,തിരുവനന്തപുരം,14,601
Kerala,13.0,566,1,Thrissur,തൃശ്ശൂര്‍,07,594
Kerala,14.0,567,1,Wayanad,വയനാട്,03,590
Kerala,,,,,,,
Kerala,"Sep 5, 2026, 6:39 PM",,,,,,
Ladakh,,,,(In English),(In Local),,
Ladakh,1.0,6,2,Kargil,KARGIL,08,004
Ladakh,2.0,9,2,Leh Ladakh,LEH LADAKH,07,003
Ladakh,,,,,,,
Ladakh,"Sep 5, 2026, 6:41 PM",,,,,,
Lakshwadeep,,,,(In English),(In Local),,
Lakshwadeep,1.0,553,1,Lakshadweep District,LAKSHADWEEP DISTRICT,01,587
Lakshwadeep,,,,,,,
Lakshwadeep,"Sep 5, 2026, 6:42 PM",,,,,,
Madhya Pradesh,,,,(In English),(In Local),,
Madhya Pradesh,1.0,667,2,Agar-Malwa,आगर-मालवा,,000
Madhya Pradesh,2.0,639,1,Alirajpur,अलीराजपुर,24,465
Madhya Pradesh,3.0,390,1,Anuppur,अनूपपुर,16,461
Madhya Pradesh,4.0,391,1,Ashoknagar,अशोकनगर,46,459
Madhya Pradesh,5.0,392,1,Balaghat,बालाघाट,45,457
Madhya Pradesh,6.0,393,1,Barwani,बड़वानी,28,441
Madhya Pradesh,7.0,394,1,Betul,बैतूल,35,447
Madhya Pradesh,8.0,395,1,Bhind,भिण्ड,03,420
Madhya Pradesh,9.0,396,1,Bhopal,भोपाल,32,444
Madhya Pradesh,10.0,397,1,Burhanpur,बुरहानपुर,29,467
Madhya Pradesh,11.0,398,1,Chhatarpur,छ्तरपुर,09,425
Madhya Pradesh,12.0,399,2,Chhindwara,छिन्दवाड़ा,43,455
Madhya Pradesh,13.0,400,1,Damoh,दमोह,12,428
Madhya Pradesh,14.0,401,2,Datia,दतिया,05,422
Madhya Pradesh,15.0,402,1,Dewas,देवास,23,437
Madhya Pradesh,16.0,403,1,Dhar,धार,25,438
Madhya Pradesh,17.0,404,1,Dindori,डिंडोरी,41,453
Madhya Pradesh,18.0,406,1,Guna,गुना,07,458
Madhya Pradesh,19.0,407,1,Gwalior,ग्वालियर,04,421
Madhya Pradesh,20.0,408,1,Harda,हरदा,36,448
Madhya Pradesh,21.0,410,1,Indore,इन्दौर,26,439
Madhya Pradesh,22.0,411,1,Jabalpur,जबलपुर,39,451
Madhya Pradesh,23.0,412,1,Jhabua,झाबुआ,24,464
Madhya Pradesh,24.0,413,1,Katni,कटनी,38,450
Madhya Pradesh,25.0,405,2,Khandwa (East Nimar),खण्डवा (पूर्व निमाड़),29,466
Madhya Pradesh,26.0,414,2,Khargone (West Nimar),खरगोन (पश्चिम निमाड़),27,440
Madhya Pradesh,27.0,784,4,Maihar,मैहर,,
Madhya Pradesh,28.0,415,1,Mandla,मंडला,42,454
Madhya Pradesh,29.0,416,1,Mandsaur,मन्दसौर,19,433
Madhya Pradesh,30.0,766,1,MAUGANJ,मऊगंज,,
Madhya Pradesh,31.0,417,1,Morena,मुरैना,02,419
Madhya Pradesh,32.0,409,2,Narmadapuram,नर्मदापुरम,37,449
Madhya Pradesh,33.0,418,2,Narsimhapur,नरसिंहपुर,40,452
Madhya Pradesh,34.0,419,1,Neemuch,नीमच,18,432
Madhya Pradesh,35.0,722,1,Niwari,निवारी,,000
Madhya Pradesh,36.0,785,1,Pandhurna,पांढुर्णा,,
Madhya Pradesh,37.0,420,1,Panna,पन्ना,10,426
Madhya Pradesh,38.0,421,1,Raisen,रायसेन,34,446
Madhya Pradesh,39.0,422,1,Rajgarh,राजगढ़,30,442
Madhya Pradesh,40.0,423,1,Ratlam,रतलाम,20,434
Madhya Pradesh,41.0,424,2,Rewa,रीवा,14,430
Madhya Pradesh,42.0,425,1,Sagar,सागर,11,427
Madhya Pradesh,43.0,426,5,Satna,सतना,13,429
Madhya Pradesh,44.0,427,1,Sehore,सीहोर,33,445
Madhya Pradesh,45.0,428,1,Seoni,सिवनी,44,456
Madhya Pradesh,46.0,429,1,Shahdol,शहडोल,16,460
Madhya Pradesh,47.0,430,2,Shajapur,शाजापुर,22,436
Madhya Pradesh,48.0,431,1,Sheopur,श्योपुर,01,418
Madhya Pradesh,49.0,432,2,Shivpuri,शिवपुरी,06,423
Madhya Pradesh,50.0,433,1,Sidhi,सीधी,17,462
Madhya Pradesh,51.0,638,1,Singrauli,सिंगरौली,,463
Madhya Pradesh,52.0,434,2,Tikamgarh,टीकमगढ़,08,424
Madhya Pradesh,53.0,435,1,Ujjain,उज्जैन,21,435
Madhya Pradesh,54.0,436,1,Umaria,उमरिया,15,431
Madhya Pradesh,55.0,437,1,Vidisha,विदिशा,31,443
Madhya Pradesh,,,,,,,
Madhya Pradesh,"Sep 5, 2026, 6:43 PM",,,,,,
Maharashtra,,,,(In English),(In Local),,
Maharashtra,1.0,466,2,Ahilyanagar,अहिल्यानगर,26,522
Maharashtra,2.0,467,1,Akola,अकोला,05,501
Maharashtra,3.0,468,1,Amravati,अमरावती,07,503
Maharashtra,4.0,470,1,Beed,बीड,27,523
Maharashtra,5.0,471,1,Bhandara,भंडारा,10,506
Maharashtra,6.0,472,1,Buldhana,बुलढाणा,04,500
Maharashtra,7.0,473,1,Chandrapur,चंद्रपूर,13,509
Maharashtra,8.0,469,3,Chhatrapati Sambhajinagar,छत्रपती संभाजीनगर,19,515
Maharashtra,9.0,488,5,Dharashiv,धाराशिव,29,525
Maharashtra,10.0,474,1,Dhule,धुळे,02,498
Maharashtra,11.0,475,1,Gadchiroli,गडचिरोली,12,508
Maharashtra,12.0,476,1,Gondia,गोंदीया,11,507
Maharashtra,13.0,477,1,Hingoli,हिंगोली,16,512
Maharashtra,14.0,478,2,Jalgaon,जळगाव,03,499
Maharashtra,15.0,479,2,Jalna,जालना,18,514
Maharashtra,16.0,480,1,Kolhapur,कोल्हापूर,34,530
Maharashtra,17.0,481,2,Latur,लातूर,28,524
Maharashtra,18.0,482,1,Mumbai,मुंबई,23,519
Maharashtra,19.0,483,1,Mumbai Suburban,मुंबई उपनगर,22,518
Maharashtra,20.0,484,1,Nagpur,नागपूर,09,505
Maharashtra,21.0,485,1,Nanded,नांदेड,15,511
Maharashtra,22.0,486,1,Nandurbar,नंदूरबार,01,497
Maharashtra,23.0,487,1,Nashik,नाशिक,20,516
Maharashtra,24.0,665,1,Palghar,पालघर,,000
Maharashtra,25.0,489,1,Parbhani,परभणी,17,513
Maharashtra,26.0,490,1,Pune,पुणे,25,521
Maharashtra,27.0,491,1,Raigad,रायगड,24,520
Maharashtra,28.0,492,1,Ratnagiri,रत्नागिरी,32,528
Maharashtra,29.0,493,1,Sangli,सांगली,35,531
Maharashtra,30.0,494,1,Satara,सातारा,31,527
Maharashtra,31.0,495,1,Sindhudurg,सिंधुदुर्ग,33,529
Maharashtra,32.0,496,3,Solapur,सोलापूर,30,526
Maharashtra,33.0,497,2,Thane,ठाणे,21,517
Maharashtra,34.0,498,1,Wardha,वर्धा,08,504
Maharashtra,35.0,499,1,Washim,वाशिम,06,502
Maharashtra,36.0,500,1,Yavatmal,यवतमाळ,14,510
Maharashtra,,,,,,,
Maharashtra,"Sep 5, 2026, 6:43 PM",,,,,,
Manipur,,,,(In English),(In Local),,
Manipur,1.0,252,1,Bishnupur,BISHNUPUR,04,275
Manipur,2.0,253,4,Chandel,CHANDEL,09,280
Manipur,3.0,254,2,Churachandpur,CHURACHANDPUR,03,274
Manipur,4.0,255,2,Imphal East,IMPHAL EAST,07,278
Manipur,5.0,256,1,Imphal West,IMPHAL WEST,06,277
Manipur,6.0,713,1,Jiribam,,,000
Manipur,7.0,711,1,Kakching,,,000
Manipur,8.0,717,1,Kamjong,,,000
Manipur,9.0,712,1,Kangpokpi,,,000
Manipur,10.0,714,1,Noney,NONEY,,000
Manipur,11.0,715,1,Pherzawl,,,000
Manipur,12.0,257,2,Senapati,SENAPATI,01,272
Manipur,13.0,258,2,Tamenglong,TAMENGLONG,02,273
Manipur,14.0,716,3,Tengnoupal,TENGNOUPAL,,000
Manipur,15.0,259,2,Thoubal,THOUBAL,05,276
Manipur,16.0,260,2,Ukhrul,UKHRUL,08,279
Manipur,,,,,,,
Manipur,"Sep 5, 2026, 6:44 PM",,,,,,
Meghalaya,,,,(In English),(In Local),,
Meghalaya,1.0,740,1,Eastern West Khasi Hills,,,000
Meghalaya,2.0,273,4,East Garo Hills,EAST GARO HILLS,02,294
Meghalaya,3.0,657,1,East Jaintia Hills,EAST JAINTIA HILLS,,000
Meghalaya,4.0,274,1,East Khasi Hills,EAST KHASI HILLS,06,298
Meghalaya,5.0,656,3,North Garo Hills,NORTH GARO HILLS,,000
Meghalaya,6.0,276,1,Ri Bhoi,RI BHOI,05,297
Meghalaya,7.0,277,1,South Garo Hills,SOUTH GARO HILLS,03,295
Meghalaya,8.0,663,5,South West Garo Hills,SOUTH WEST GARO HILLS,,000
Meghalaya,9.0,658,2,South West Khasi Hills,SOUTH WEST KHASI HILLS,,000
Meghalaya,10.0,278,6,West Garo Hills,WEST GARO HILLS,01,293
Meghalaya,11.0,275,3,West Jaintia Hills,WEST JAINTIA HILLS,07,299
Meghalaya,12.0,279,4,West Khasi Hills,WEST KHASI HILLS,04,296
Meghalaya,,,,,,,
Meghalaya,"Sep 5, 2026, 6:45 PM",,,,,,
Mizoram,,,,(In English),(In Local),,
Mizoram,1.0,261,4,Aizawl,AIZAWL,03,283
Mizoram,2.0,262,3,Champhai,CHAMPHAI,04,284
Mizoram,3.0,726,1,Hnahthial,,,000
Mizoram,4.0,728,1,Khawzawl,KHAWZAWL,,000
Mizoram,5.0,263,1,Kolasib,KOLASIB,02,282
Mizoram,6.0,264,1,Lawngtlai,LAWNGTLAI,07,287
Mizoram,7.0,265,3,Lunglei,LUNGLEI,06,286
Mizoram,8.0,266,1,Mamit,MAMIT,01,281
Mizoram,9.0,727,4,Saitual,SAITUAL,,000
Mizoram,10.0,268,2,Serchhip,SERCHHIP,05,285
Mizoram,11.0,267,2,Siaha,Siaha,08,288
Mizoram,,,,,,,
Mizoram,"Sep 5, 2026, 6:46 PM",,,,,,
Nagaland,,,,(In English),(In Local),,
Nagaland,1.0,758,8,Chumoukedima,Chumoukedima,,000
Nagaland,2.0,244,12,Dimapur,DIMAPUR,06,265
Nagaland,3.0,614,5,Kiphire,,02,269
Nagaland,4.0,245,3,Kohima,KOHIMA,07,270
Nagaland,5.0,615,1,Longleng,,02,268
Nagaland,6.0,788,1,Meluri,Meluri,,
Nagaland,7.0,246,1,Mokokchung,MOKOKCHUNG,03,262
Nagaland,8.0,247,1,Mon,MON,01,261
Nagaland,9.0,764,3,Niuland,Niuland,,000
Nagaland,10.0,736,1,Noklak,Noklak,,000
Nagaland,11.0,613,1,Peren,,07,271
Nagaland,12.0,248,2,Phek,PHEK,08,266
Nagaland,13.0,765,4,Shamator,Shamator,,000
Nagaland,14.0,757,1,Tseminyu,Tseminyu,,000
Nagaland,15.0,249,4,Tuensang,TUENSANG,02,267
Nagaland,16.0,250,1,Wokha,WOKHA,05,264
Nagaland,17.0,251,1,Zunheboto,ZUNHEBOTO,04,263
Nagaland,,,,,,,
Nagaland,"Sep 5, 2026, 6:47 PM",,,,,,
Odisha,,,,(In English),(In Local),,
Odisha,1.0,344,2,Anugola,ଅନୁଗୋଳ,15,384
Odisha,2.0,345,1,Balangir,BALANGIR,24,393
Odisha,3.0,346,3,Baleshwar,ବାଲେଶ୍ୱର,08,377
Odisha,4.0,347,2,Baragada,ବରଗଡ଼,01,370
Odisha,5.0,348,1,Bhadrak,BHADRAK,09,378
Odisha,6.0,349,1,Boudh,BOUDH,22,391
Odisha,7.0,351,2,Debagada,ଦେବଗଡ଼,04,373
Odisha,8.0,352,1,Dhenkanal,DHENKANAL,14,383
Odisha,9.0,353,1,Gajapati,GAJAPATI,20,389
Odisha,10.0,354,1,Ganjam,GANJAM,19,388
Odisha,11.0,355,2,Jagatsinghapur,JAGATSINGHAPUR,11,380
Odisha,12.0,356,1,Jajpur,ଯାଜପୁର,13,382
Odisha,13.0,357,1,Jharsuguda,JHARSUGUDA,02,371
Odisha,14.0,358,1,Kalahandi,KALAHANDI,26,395
Odisha,15.0,359,2,Kandhamala,କନ୍ଧମାଳ,21,390
Odisha,16.0,350,3,Kataka,କଟକ,12,381
Odisha,17.0,360,2,Kendrapada,କେନ୍ଦ୍ରାପଡ଼ା,10,379
Odisha,18.0,361,3,Kendujhar,କେନ୍ଦୁଝର,06,375
Odisha,19.0,362,1,Khordha,KHORDHA,17,386
Odisha,20.0,363,2,Koraput,KORAPUT,29,398
Odisha,21.0,364,1,Malkangiri,MALKANGIRI,30,399
Odisha,22.0,365,1,Mayurbhanj,MAYURBHANJ,07,376
Odisha,23.0,366,1,Nabarangpur,NABARANGPUR,28,397
Odisha,24.0,367,2,Nayagada,ନୟାଗଡ଼,16,385
Odisha,25.0,368,1,Nuapada,NUAPADA,25,394
Odisha,26.0,369,1,Puri,PURI,18,387
Odisha,27.0,370,2,Rayagada,RAYAGADA,27,396
Odisha,28.0,371,1,Sambalpur,SAMBALPUR,03,372
Odisha,29.0,372,2,Subarnapur,ସୁବର୍ଣ୍ଣପୁର,23,392
Odisha,30.0,373,2,Sundaragada,ସୁନ୍ଦରଗଡ଼,05,374
Odisha,,,,,,,
Odisha,"Sep 5, 2026, 6:48 PM",,,,,,
Puducherry,,,,(In English),(In Local),,
Puducherry,1.0,598,1,Karaikal,காரைக்கால்,04,637
Puducherry,2.0,600,1,Puducherry,புதுச்சேரி,02,635
Puducherry,,,,,,,
Puducherry,"Sep 5, 2026, 6:48 PM",,,,,,
Punjab,,,,(In English),(In Local),,
Punjab,1.0,27,1,Amritsar,AMRITSAR,02,049
Punjab,2.0,605,1,Barnala,,,054
Punjab,3.0,28,1,Bathinda,BATHINDA,14,046
Punjab,4.0,29,1,Faridkot,FARIDKOT,13,045
Punjab,5.0,30,1,Fatehgarh Sahib,FATEHGARH SAHIB,08,040
Punjab,6.0,651,14,Fazilka,,,000
Punjab,7.0,31,15,Ferozepur,FEROZEPUR,11,043
Punjab,8.0,32,3,Gurdaspur,GURDASPUR,01,035
Punjab,9.0,33,2,Hoshiarpur,HOSHIARPUR,05,038
Punjab,10.0,34,1,Jalandhar,JALANDHAR,04,037
Punjab,11.0,35,1,Kapurthala,KAPURTHALA,03,036
Punjab,12.0,36,3,Ludhiana,ਲੂਿਧਆਣਾ,09,041
Punjab,13.0,737,8,Malerkotla,,,000
Punjab,14.0,37,2,Mansa,ਮਾਨਸਾ,15,047
Punjab,15.0,38,1,Moga,MOGA,10,042
Punjab,16.0,662,1,Pathankot,PATHANKOT,,000
Punjab,17.0,41,12,Patiala,PATIALA,17,048
Punjab,18.0,42,1,Rupnagar,ਰੂਪਨਗਰ,07,051
Punjab,19.0,43,9,Sangrur,SANGRUR,16,053
Punjab,20.0,608,12,S.A.S Nagar,,,052
Punjab,21.0,40,2,Shahid Bhagat Singh Nagar,Shahid Bhagat Singh Nagar,06,039
Punjab,22.0,39,2,Sri Muktsar Sahib,ਸ੍ਰੀ ਮੁਕਤਸਰ ਸਾਹਿਬ,12,044
Punjab,23.0,609,2,Tarn Taran,tarn taran,,050
Punjab,,,,,,,
Punjab,"Sep 5, 2026, 6:49 PM",,,,,,
Rajasthan,,,,(In English),(In Local),,
Rajasthan,1.0,86,5,Ajmer,AJMER,21,119
Rajasthan,2.0,87,4,Alwar,ALWAR,06,104
Rajasthan,3.0,775,8,Balotra,बालोतरा,,
Rajasthan,4.0,88,2,Banswara,BANSWARA,28,125
Rajasthan,5.0,89,3,Baran,BARAN,31,128
Rajasthan,6.0,90,9,Barmer,BARMER,17,115
Rajasthan,7.0,774,7,Beawar,ब्‍यावर,,
Rajasthan,8.0,91,4,Bharatpur,BHARATPUR,07,105
Rajasthan,9.0,92,11,Bhilwara,BHILWARA,24,122
Rajasthan,10.0,93,4,Bikaner,BIKANER,03,101
Rajasthan,11.0,94,1,Bundi,BUNDI,23,121
Rajasthan,12.0,95,1,Chittorgarh,CHITTORGARH,29,126
Rajasthan,13.0,96,1,Churu,CHURU,04,102
Rajasthan,14.0,97,1,Dausa,DAUSA,11,109
Rajasthan,15.0,767,1,Deeg,डीग,,
Rajasthan,16.0,98,2,Dholpur,DHOLPUR,08,106
Rajasthan,17.0,768,2,Didwana-Kuchaman,डीडवाना-कुचामन,,
Rajasthan,18.0,99,1,Dungarpur,DUNGARPUR,27,124
Rajasthan,19.0,100,5,Ganganagar,GANGANAGAR,01,099
Rajasthan,20.0,101,1,Hanumangarh,HANUMANGARH,02,100
Rajasthan,21.0,102,9,Jaipur,JAIPUR,12,110
Rajasthan,22.0,103,33,Jaisalmer,JAISALMER,16,114
Rajasthan,23.0,104,3,Jalore,JALORE,18,116
Rajasthan,24.0,105,1,Jhalawar,JHALAWAR,32,129
Rajasthan,25.0,106,7,Jhunjhunu,JHUNJHUNU,05,103
Rajasthan,26.0,107,4,Jodhpur,JODHPUR,15,113
Rajasthan,27.0,108,3,Karauli,KARAULI,09,107
Rajasthan,28.0,770,1,Khairthal-Tijara,खैरथल-तिजारा,,
Rajasthan,29.0,109,3,Kota,KOTA,30,127
Rajasthan,30.0,782,3,Kotputli-Behror,कोटपूतली-बहरोड,,
Rajasthan,31.0,110,3,Nagaur,NAGAUR,14,112
Rajasthan,32.0,111,2,Pali,PALI,20,118
Rajasthan,33.0,772,33,Phalodi,फलाैदी,,
Rajasthan,34.0,629,1,Pratapgarh,PRATAPGARH,,131
Rajasthan,35.0,112,5,Rajsamand,RAJSAMAND,25,123
Rajasthan,36.0,777,3,Salumbar,सलूम्‍बर,,
Rajasthan,37.0,113,3,Sawai Madhopur,SAWAI MADHOPUR,10,108
Rajasthan,38.0,114,4,Sikar,SIKAR,13,111
Rajasthan,39.0,115,4,Sirohi,SIROHI,19,117
Rajasthan,40.0,116,4,Tonk,TONK,22,120
Rajasthan,41.0,117,9,Udaipur,UDAIPUR,26,130
Rajasthan,,,,,,,
Rajasthan,"Sep 5, 2026, 6:50 PM",,,,,,
Sikkim,,,,(In English),(In Local),,
Sikkim,1.0,225,11,Gangtok,Gangtok,04,244
Sikkim,2.0,228,3,Gyalshing,Gyalshing,02,242
Sikkim,3.0,226,3,Mangan,Mangan,01,241
Sikkim,4.0,227,2,Namchi,Namchi,03,243
Sikkim,5.0,741,10,Pakyong,Pakyong,,000
Sikkim,6.0,742,1,Soreng,Soreng,,000
Sikkim,,,,,,,
Sikkim,"Sep 5, 2026, 6:50 PM",,,,,,
Tamil Nadu,,,,(In English),(In Local),,
Tamil Nadu,1.0,610,1,Ariyalur,அரியலூர்,17,616
Tamil Nadu,2.0,730,2,Chengalpattu,செங்கல்பட்டு,,000
Tamil Nadu,3.0,568,6,Chennai,CHENNAI,02,603
Tamil Nadu,4.0,569,1,Coimbatore,COIMBATORE,12,632
Tamil Nadu,5.0,570,1,Cuddalore,CUDDALORE,18,617
Tamil Nadu,6.0,571,1,Dharmapuri,DHARMAPURI,05,630
Tamil Nadu,7.0,572,1,Dindigul,DINDIGUL,13,612
Tamil Nadu,8.0,573,1,Erode,ERODE,10,610
Tamil Nadu,9.0,729,33,Kallakurichi,கள்ளக்குறிச்சி,,000
Tamil Nadu,10.0,574,3,Kancheepuram,KANCHIPURAM,03,604
Tamil Nadu,11.0,575,1,Kanniyakumari,KANNIYAKUMARI,30,629
Tamil Nadu,12.0,576,1,Karur,KARUR,14,613
Tamil Nadu,13.0,577,1,Krishnagiri,KRISHNAGIRI,05,631
Tamil Nadu,14.0,578,1,Madurai,MADURAI,24,623
Tamil Nadu,15.0,735,1,Mayiladuthurai,,,000
Tamil Nadu,16.0,579,2,Nagapattinam,NAGAPATTINAM,19,618
Tamil Nadu,17.0,580,1,Namakkal,NAMAKKAL,09,609
Tamil Nadu,18.0,581,1,Perambalur,PERAMBALUR,16,615
Tamil Nadu,19.0,582,1,Pudukkottai,PUDUKKOTTAI,22,621
Tamil Nadu,20.0,583,1,Ramanathapuram,RAMANATHAPURAM,27,626
Tamil Nadu,21.0,731,9,Ranipet,ராணிப்பேட்டை,,000
Tamil Nadu,22.0,584,1,Salem,SALEM,08,608
Tamil Nadu,23.0,585,1,Sivaganga,SIVAGANGA,23,622
Tamil Nadu,24.0,733,8,Tenkasi,தென்காசி,,000
Tamil Nadu,25.0,586,1,Thanjavur,THANJAVUR,21,620
Tamil Nadu,26.0,588,1,Theni,THENI,25,624
Tamil Nadu,27.0,587,1,The Nilgiris,THE NILGIRIS,11,611
Tamil Nadu,28.0,589,6,Thiruvallur,THIRUVALLUR,01,602
Tamil Nadu,29.0,590,1,Thiruvarur,THIRUVARUR,20,619
Tamil Nadu,30.0,594,4,Thoothukkudi,Thoothukkudi,28,627
Tamil Nadu,31.0,591,1,Tiruchirappalli,TIRUCHIRAPPALLI,15,614
Tamil Nadu,32.0,592,7,Tirunelveli,TIRUNELVELI,29,628
Tamil Nadu,33.0,732,24,Tirupathur,திருப்பத்தூர்,,000
Tamil Nadu,34.0,634,1,Tiruppur,TIRUPPUR,,633
Tamil Nadu,35.0,593,1,Tiruvannamalai,TIRUVANNAMALAI,06,606
Tamil Nadu,36.0,595,28,Vellore,VELLORE,04,605
Tamil Nadu,37.0,596,34,Viluppuram,VILLUPURAM,07,607
Tamil Nadu,38.0,597,1,Virudhunagar,VIRUDHUNAGAR,26,625
Tamil Nadu,,,,,,,
Tamil Nadu,"Sep 5, 2026, 6:51 PM",,,,,,
Telangana,,,,(In English),(In Local),,
Telangana,1.0,501,5,Adilabad,ఆదిలాబాద్,01,532
Telangana,2.0,690,2,Bhadradri Kothagudem,భద్రాద్రి కొత్తగూడెం,,000
Telangana,3.0,686,11,Hanumakonda,హనుమకొండ,,000
Telangana,4.0,507,3,Hyderabad,హైదరాబాద్,05,536
Telangana,5.0,681,2,Jagitial,జగిత్యాల,,000
Telangana,6.0,689,1,Jangoan,జనగాం,,000
Telangana,7.0,687,3,Jayashankar Bhupalapally,జయశంకర్ భూపాలపల్లి,,000
Telangana,8.0,695,2,Jogulamba Gadwal,జోగులాంబ గద్వాల,,000
Telangana,9.0,685,3,Kamareddy,కామారెడ్డి,,000
Telangana,10.0,508,10,Karimnagar,కరీంనగర్,03,534
Telangana,11.0,509,5,Khammam,ఖమ్మం,10,541
Telangana,12.0,699,2,Kumuram Bheem Asifabad,కుమురం భీమ్ ఆసిఫాబాద్,,000
Telangana,13.0,688,1,Mahabubabad,మహబుబాబాద్,,000
Telangana,14.0,512,12,Mahabubnagar,మహబూబ్ నగర్,07,538
Telangana,15.0,684,1,Mancherial,మంచిర్యాల్,,000
Telangana,16.0,513,5,Medak,మెదక్,04,535
Telangana,17.0,700,2,Medchal Malkajgiri,మేడ్చల్ మల్కాజిగిరి,,000
Telangana,18.0,720,1,Mulugu,ములుగు,,000
Telangana,19.0,694,5,Nagarkurnool,నాగర్ కర్నూల్,,000
Telangana,20.0,514,5,Nalgonda,నల్గొండ,08,539
Telangana,21.0,721,2,Narayanpet,నారాయణ్ పేట్,,000
Telangana,22.0,680,1,Nirmal,నిర్మల్,,000
Telangana,23.0,516,3,Nizamabad,నిజామాబాదు,02,533
Telangana,24.0,682,2,Peddapalli,పెద్దపల్లి,,000
Telangana,25.0,683,3,Rajanna Sircilla,రాజన్న సిరిసిల్ల,,000
Telangana,26.0,518,6,Ranga Reddy,రంగా రెడ్డి,06,537
Telangana,27.0,691,4,Sangareddy,సంగారెడ్డి,,000
Telangana,28.0,692,5,Siddipet,సిద్దిపేట,,000
Telangana,29.0,696,1,Suryapet,సూర్యాపేట,,000
Telangana,30.0,698,5,Vikarabad,వికారాబాద్,,000
Telangana,31.0,693,4,Wanaparthy,వనపర్తి,,000
Telangana,32.0,522,17,Warangal,వరంగల్,09,540
Telangana,33.0,697,2,Yadadri Bhuvanagiri,యదాద్రి భువనగిరి,,000
Telangana,,,,,,,
Telangana,"Sep 5, 2026, 6:52 PM",,,,,,
Tripura,,,,(In English),(In Local),,
Tripura,1.0,269,1,Dhalai,ধলাই,03,291
Tripura,2.0,654,1,Gomati,গোমতি,,000
Tripura,3.0,652,1,Khowai,খোয়াই,,000
Tripura,4.0,270,1,North Tripura,উত্তর ত্রিপুরা,04,292
Tripura,5.0,653,1,Sepahijala,সিপাহিজলা,,000
Tripura,6.0,271,1,South Tripura,দক্ষিন ত্রিপুরা,02,290
Tripura,7.0,655,1,Unakoti,ঊনকোটি,,000
Tripura,8.0,272,1,West Tripura,পশ্চিম ত্রিপুরা,01,289
Tripura,,,,,,,
Tripura,"Sep 5, 2026, 6:53 PM",,,,,,
Uttar Pradesh,,,,(In English),(In Local),,
Uttar Pradesh,1.0,118,1,Agra,AGRA,15,146
Uttar Pradesh,2.0,119,1,Aligarh,ALIGARH,12,143
Uttar Pradesh,3.0,121,1,Ambedkar Nagar,AMBEDKAR NAGAR,48,178
Uttar Pradesh,4.0,640,6,Amethi,Amethi,,000
Uttar Pradesh,5.0,154,2,Amroha,AMROHA,06,137
Uttar Pradesh,6.0,122,1,Auraiya,AURAIYA,32,162
Uttar Pradesh,7.0,140,2,Ayodhya,AYODHYA,47,177
Uttar Pradesh,8.0,123,1,Azamgarh,AZAMGARH,61,191
Uttar Pradesh,9.0,124,1,Baghpat,BAGHPAT,08,139
Uttar Pradesh,10.0,125,1,Bahraich,BAHRAICH,50,180
Uttar Pradesh,11.0,126,1,Ballia,BALLIA,63,193
Uttar Pradesh,12.0,127,1,Balrampur,BALRAMPUR,52,182
Uttar Pradesh,13.0,128,1,Banda,BANDA,40,170
Uttar Pradesh,14.0,129,2,Bara Banki,BARA BANKI,46,176
Uttar Pradesh,15.0,130,1,Bareilly,BAREILLY,20,150
Uttar Pradesh,16.0,131,1,Basti,BASTI,55,185
Uttar Pradesh,17.0,179,2,Bhadohi,BHADOHI,68,198
Uttar Pradesh,18.0,132,1,Bijnor,BIJNOR,03,134
Uttar Pradesh,19.0,133,2,Budaun,BUDAUN,19,149
Uttar Pradesh,20.0,134,1,Bulandshahr,BULANDSHAHR,11,142
Uttar Pradesh,21.0,135,1,Chandauli,CHANDAULI,66,196
Uttar Pradesh,22.0,136,1,Chitrakoot,CHITRAKOOT,41,171
Uttar Pradesh,23.0,137,1,Deoria,DEORIA,60,190
Uttar Pradesh,24.0,138,1,Etah,ETAH,17,201
Uttar Pradesh,25.0,139,1,Etawah,ETAWAH,31,161
Uttar Pradesh,26.0,141,1,Farrukhabad,FARRUKHABAD,29,159
Uttar Pradesh,27.0,142,1,Fatehpur,FATEHPUR,42,172
Uttar Pradesh,28.0,143,1,Firozabad,FIROZABAD,16,147
Uttar Pradesh,29.0,144,1,Gautam Buddha Nagar,GAUTAM BUDDHA NAGAR,10,141
Uttar Pradesh,30.0,145,2,Ghaziabad,GHAZIABAD,09,140
Uttar Pradesh,31.0,146,1,Ghazipur,GHAZIPUR,65,195
Uttar Pradesh,32.0,147,1,Gonda,GONDA,53,183
Uttar Pradesh,33.0,148,2,Gorakhpur,GORAKHPUR,58,188
Uttar Pradesh,34.0,149,1,Hamirpur,HAMIRPUR,38,168
Uttar Pradesh,35.0,661,2,Hapur,HAPUR,,000
Uttar Pradesh,36.0,150,1,Hardoi,HARDOI,25,155
Uttar Pradesh,37.0,163,2,Hathras,HATHRAS,13,144
Uttar Pradesh,38.0,151,1,Jalaun,JALAUN,35,165
Uttar Pradesh,39.0,152,1,Jaunpur,JAUNPUR,64,194
Uttar Pradesh,40.0,153,1,Jhansi,JHANSI,36,166
Uttar Pradesh,41.0,155,1,Kannauj,KANNAUJ,30,160
Uttar Pradesh,42.0,156,1,Kanpur Dehat,KANPUR DEHAT,33,163
Uttar Pradesh,43.0,157,1,Kanpur Nagar,KANPUR NAGAR,34,164
Uttar Pradesh,44.0,633,2,Kasganj,Kasganj,,202
Uttar Pradesh,45.0,158,1,Kaushambi,KAUSHAMBI,44,174
Uttar Pradesh,46.0,159,2,Kheri,KHERI,23,153
Uttar Pradesh,47.0,160,2,Kushinagar,KUSHINAGAR,59,189
Uttar Pradesh,48.0,161,1,Lalitpur,LALITPUR,37,167
Uttar Pradesh,49.0,162,1,Lucknow,LUCKNOW,27,157
Uttar Pradesh,50.0,165,1,Mahoba,MAHOBA,39,169
Uttar Pradesh,51.0,164,2,Mahrajganj,MAHRAJGANJ,57,187
Uttar Pradesh,52.0,166,1,Mainpuri,MAINPURI,18,148
Uttar Pradesh,53.0,167,1,Mathura,MATHURA,14,145
Uttar Pradesh,54.0,168,1,Mau,MAU,62,192
Uttar Pradesh,55.0,169,1,Meerut,MEERUT,07,138
Uttar Pradesh,56.0,170,1,Mirzapur,मिर्ज़ापुर,69,199
Uttar Pradesh,57.0,171,2,Moradabad,MORADABAD,04,135
Uttar Pradesh,58.0,172,6,Muzaffarnagar,MUZAFFARNAGAR,02,133
Uttar Pradesh,59.0,173,1,Pilibhit,PILIBHIT,21,151
Uttar Pradesh,60.0,174,1,Pratapgarh,PRATAPGARH,43,173
Uttar Pradesh,61.0,120,2,Prayagraj,PRAYAGRAJ,45,175
Uttar Pradesh,62.0,175,1,Rae Bareli,RAE BARELI,28,158
Uttar Pradesh,63.0,176,1,Rampur,RAMPUR,05,136
Uttar Pradesh,64.0,177,1,Saharanpur,SAHARANPUR,01,132
Uttar Pradesh,65.0,659,2,Sambhal,SAMBHAL,,000
Uttar Pradesh,66.0,178,2,Sant Kabir Nagar,SANT KABIR NAGAR,56,186
Uttar Pradesh,67.0,180,1,Shahjahanpur,SHAHJAHANPUR,22,152
Uttar Pradesh,68.0,660,6,Shamli,SHAMLI,,000
Uttar Pradesh,69.0,181,2,Shrawasti,SHRAWASTI,51,181
Uttar Pradesh,70.0,182,2,Siddharthnagar,SIDDHARTHNAGAR,54,184
Uttar Pradesh,71.0,183,1,Sitapur,SITAPUR,24,154
Uttar Pradesh,72.0,184,1,Sonbhadra,SONBHADRA,70,200
Uttar Pradesh,73.0,185,5,Sultanpur,SULTANPUR,49,179
Uttar Pradesh,74.0,186,1,Unnao,UNNAO,26,156
Uttar Pradesh,75.0,187,1,Varanasi,VARANASI,67,197
Uttar Pradesh,,,,,,,
Uttar Pradesh,"Sep 5, 2026, 6:54 PM",,,,,,
Uttarakhand,,,,(In English),(In Local),,
Uttarakhand,1.0,45,1,Almora,ALMORA,09,064
Uttarakhand,2.0,46,1,Bageshwar,BAGESHWAR,08,063
Uttarakhand,3.0,47,3,Chamoli,CHAMOLI,02,057
Uttarakhand,4.0,48,5,Champawat,CHAMPAWAT,10,065
Uttarakhand,5.0,49,2,Dehradun,DEHRADUN,05,060
Uttarakhand,6.0,50,1,Haridwar,HARIDWAR,13,068
Uttarakhand,7.0,51,4,Nainital,NAINITAL,11,066
Uttarakhand,8.0,52,8,Pauri Garhwal,PAURI GARHWAL,06,061
Uttarakhand,9.0,53,10,Pithoragarh,PITHORAGARH,07,062
Uttarakhand,10.0,54,5,Rudraprayag,रूद्रप्रयाग,03,058
Uttarakhand,11.0,55,15,Tehri Garhwal,TEHRI GARHWAL,04,059
Uttarakhand,12.0,56,3,Udham Singh Nagar,UDHAM SINGH NAGAR,12,067
Uttarakhand,13.0,57,3,Uttarkashi,UTTAR KASHI,01,056
Uttarakhand,,,,,,,
Uttarakhand,"Sep 5, 2026, 6:53 PM",,,,,,
West Bengal,,,,(In English),(In Local),,
West Bengal,1.0,664,1,Alipurduar,,,000
West Bengal,2.0,305,1,Bankura,BANKURA,13,339
West Bengal,3.0,307,1,Birbhum,BIRBHUM,08,334
West Bengal,4.0,308,3,Cooch Behar,COOCH BEHAR,03,329
West Bengal,5.0,310,3,Dakshin Dinajpur,DAKSHIN DINAJPUR,05,331
West Bengal,6.0,309,2,Darjeeling,DARJEELING,01,327
West Bengal,7.0,312,2,Hooghly,HOOGHLY,12,338
West Bengal,8.0,313,1,Howrah,HOWRAH,16,341
West Bengal,9.0,314,2,Jalpaiguri,JALPAIGURI,02,328
West Bengal,10.0,703,2,Jhargram,Jhargram,,000
West Bengal,11.0,702,1,Kalimpong,KALIMPONG,,000
West Bengal,12.0,315,1,Kolkata,KOLKATA,17,342
West Bengal,13.0,316,2,Malda,MALDA,06,332
West Bengal,14.0,319,1,Murshidabad,MURSHIDABAD,07,333
West Bengal,15.0,320,2,Nadia,NADIA,10,336
West Bengal,16.0,303,3,North 24 Parganas,NORTH TWENTY FOUR PARGANAS,11,337
West Bengal,17.0,704,1,Paschim Bardhaman,PASCHIM BARDHAMAN,,000
West Bengal,18.0,318,3,Paschim Medinipur,PASCHIM MEDINIPUR,15,344
West Bengal,19.0,306,3,Purba Bardhaman,PURBA BARDHAMAN,09,335
West Bengal,20.0,317,2,Purba Medinipur,PURBA MEDINIPUR,15,345
West Bengal,21.0,321,1,Purulia,PURULIA,14,340
West Bengal,22.0,304,2,South 24 Parganas,SOUTH 24 Parganas,18,343
West Bengal,23.0,311,3,Uttar Dinajpur,UTTAR DINAJPUR,04,330
West Bengal,,,,,,,
West Bengal,"Sep 5, 2026, 6:55 PM",,,,,,
